{"cameraMode":{"drawMode":0,"name":"Shaded","section":"Shading Mode"},"sceneLighting":false,"audioPlay":false,"sceneViewState":{"showFog":true,"showMaterialUpdate":false,"showSkybox":true,"showFlares":true,"showImageEffects":true,"showParticleSystems":true},"in2DMode":false,"pivot":{"x":0.0,"y":1.6600000858306885,"z":7.045001029968262},"rotation":{"x":0.5212833881378174,"y":-0.010240085422992707,"z":0.006255703512579203,"w":0.8532995581626892},"size":35.406654357910159,"orthographic":true}