{"cameraMode":{"drawMode":0,"name":"Shaded","section":"Shading Mode"},"sceneLighting":true,"audioPlay":false,"sceneViewState":{"showFog":true,"showMaterialUpdate":false,"showSkybox":true,"showFlares":true,"showImageEffects":true,"showParticleSystems":true},"in2DMode":false,"pivot":{"x":-3.8400001525878908,"y":-0.6000000238418579,"z":-14.549999237060547},"rotation":{"x":0.4536179304122925,"y":-0.11965939402580261,"z":0.06161317601799965,"w":0.8809746503829956},"size":54.7237548828125,"orthographic":true}